_id,identifier,bridgeName,destAmount,destBlockNumber,destBlockTimeStamp,destTokenDecimals,destTokenName,destTokenSymbol,fromChainId,gasUsed,isPartialTx,isSocketTx,recipient,sender,srcAmount,srcBlockNumber,srcBlockTimeStamp,srcTokenDecimals,srcTokenName,srcTokenSymbol,toChainId,srcTxStatus,destTxStatus
65feea03e99dac43d68c0be8,1288238-10-across,across,99919578006351176,12207752,1711204851,18,Wrapped Ether,WETH,10,72963,False,False,0x4f57fc471785c0fdb8ba7c1e01cbd4c42ed4166a,0x4f57fc471785c0fdb8ba7c1e01cbd4c42ed4166a,100000000000000000,117803035,1711204847,18,Wrapped Ether,WETH,8453,COMPLETED,COMPLETED
65fee9f9e99dac43d68c03db,1186397-1-across,across,49301162954429879,12207746,1711204839,18,Wrapped Ether,WETH,1,72793,False,False,0xea7042540cf6df049beaebf746918ff720a6bac5,0xea7042540cf6df049beaebf746918ff720a6bac5,49345228875960301,19497954,1711204823,18,Wrapped Ether,WETH,8453,COMPLETED,COMPLETED
65feea03e99dac43d68c0afa,0x0526e94e4777c39a29ec10b50e73f7ddb1c806a5a39a61df3cd10d86340ae5b6-hyphen,hyphen,76242789940591690500,37222883,1711204846,18,USD Coin,USDC,10,378840,False,False,0x42260072dd498829f5338186082ec254edebc1cd,0x42260072dd498829f5338186082ec254edebc1cd,76627355,117803023,1711204823,6,USD Coin,USDC,56,COMPLETED,COMPLETED
65fee9f9e99dac43d68c03af,110-773961-184,stargate,27475504800000000,12207746,1711204839,18,Token,TOKEN,42161,460630,False,False,0x4065e422DA8CF97Ae1be3121fd4AAd8A9d1C4846,0x4065e422da8cf97ae1be3121fd4aad8a9d1c4846,27492000000000000,193398865,1711204820,18,Ethereum,ETH,8453,COMPLETED,COMPLETED
65fee9f9e99dac43d68c0364,110-1290061-102,stargate,25134562000000000000,37222882,1711204843,18,Tether USD,USDT,42161,1152429,False,False,0xeCc19E177d24551aA7ed6Bc6FE566eCa726CC8a9,0x7ea3f47dd2ad1ccec1bc372692b61bffe48df7db,25149650,193398860,1711204819,6,Tether USD,USDT,56,COMPLETED,COMPLETED
65feea03e99dac43d68c0c07,184-349258-111,stargate,1567758780000000000,117803035,1711204847,18,Ethereum,ETH,8453,410341,False,False,0x68447BAa1CCe4d8D67af1056441E004671b63034,0x68447baa1cce4d8d67af1056441e004671b63034,1568700000000000000,12207735,1711204817,18,Token,TOKEN,10,COMPLETED,COMPLETED
65fee9f9e99dac43d68c0424,184-498622-110,stargate,416709888951551146,193398959,1711204844,18,Ethereum,ETH,8453,412083,False,False,0xcb9b47ee582CEF59454265bF0b7034e6fb5C7AF9,0xcb9b47ee582cef59454265bf0b7034e6fb5c7af9,417037000000009023,12207734,1711204815,18,Token,TOKEN,42161,COMPLETED,COMPLETED
65fee9f9e99dac43d68c03a6,110-773960-184,stargate,107935200000000,12207745,1711204837,18,Token,TOKEN,42161,471003,False,False,0x506740b400b1d96F9fA4E60797e963B2F2FEEC7F,0x506740b400b1d96f9fa4e60797e963b2f2feec7f,108000000000000,193398840,1711204814,18,Ethereum,ETH,8453,COMPLETED,COMPLETED
65feea03e99dac43d68c0b7f,106-1095977-102,stargate,2395550077000000000000,37222885,1711204852,18,Tether USD,USDT,43114,580196,False,False,0x8E1f1EE471d0EaC42f2Cc7310853B145c2386fB5,0x8e1f1ee471d0eac42f2cc7310853b145c2386fb5,2396988269,43275284,1711204814,6,TetherToken,USDt,56,COMPLETED,COMPLETED
65feea03e99dac43d68c0b38,0xdc2c2aef0098a664819a40da2c169226c1fd95b4218a08e5703b31c107b51455-hyphen,hyphen,4494470289288498,117803034,1711204845,18,Ethereum,ETH,56,156452,False,True,0xe0f79cf40dcf80cd70fb3e69e8b39597846c4c6f,0xe0f79cf40dcf80cd70fb3e69e8b39597846c4c6f,4500000000000000,37222872,1711204813,18,Ethereum Token,ETH,10,COMPLETED,COMPLETED
65feea03e99dac43d68c0ba1,110-3620114-111,stargate,114902,117803037,1711204851,6,USD Coin,USDC,42161,478859,False,False,0x9650753546959e61804e33E0361d66E3fDe95ae6,0x9650753546959e61804e33e0361d66e3fde95ae6,114970,193398837,1711204813,6,USD Coin,USDC,10,COMPLETED,COMPLETED
65fee9eee99dac43d68bf934,1766099-324-across,across,147942544497040289,117803019,1711204815,18,Wrapped Ether,WETH,324,237463,False,False,0x93fbe6e37b0c861925f420af9e5e4129188b4539,0x93fbe6e37b0c861925f420af9e5e4129188b4539,148002438228209974,29679252,1711204811,18,Wrapped Ether,WETH,10,COMPLETED,COMPLETED
65feea03e99dac43d68c0b69,106-1061050-110,stargate,26467691,193398965,1711204845,6,Tether USD,USDT,43114,397091,False,False,0x9895d594e5D21ef5d126418ABD0958087eC2107c,0x9895d594e5d21ef5d126418abd0958087ec2107c,26494184,43275282,1711204810,6,USD Coin,USDC,42161,COMPLETED,COMPLETED
65fee9eee99dac43d68bf7c3,0x3698a9f4e0c54b658956fb9cf391fddf368bbd5aa745a94bd20345a08053d7d3,hop,9919616564003638,117803024,1711204825,18,Ethereum,ETH,42161,338657,False,False,0x1f8ee652526d93ce4646aecc56b950900ced2e1a,0x1f8ee652526d93ce4646aecc56b950900ced2e1a,10000000000000000,193398822,1711204809,18,Ethereum,ETH,10,COMPLETED,COMPLETED
65fee9f9e99dac43d68c0418,184-498621-110,stargate,34173223932977764,193398944,1711204840,18,Ethereum,ETH,8453,429894,False,False,0x239118B54173906234208294ab9e8A7534481480,0x239118b54173906234208294ab9e8a7534481480,34200000000000000,12207731,1711204809,18,Token,TOKEN,42161,COMPLETED,COMPLETED
65fee9f9e99dac43d68c0379,110-773958-184,stargate,22546464000000000,12207745,1711204837,18,Token,TOKEN,42161,477765,False,False,0xB022e743f50449D1DefFD0624577DD05bE81bdc8,0xb022e743f50449d1deffd0624577dd05be81bdc8,22560000000000000,193398816,1711204808,18,Ethereum,ETH,8453,COMPLETED,COMPLETED
65fee9f9e99dac43d68c0393,110-773959-184,stargate,1698980000000000000,12207745,1711204837,18,Token,TOKEN,42161,480702,False,False,0xE10Ef7CBd3ea3D11488A98E082C312F077246F7b,0xe10ef7cbd3ea3d11488a98e082c312f077246f7b,1700000000000000000,193398816,1711204808,18,Ethereum,ETH,8453,COMPLETED,COMPLETED
65fee9f9e99dac43d68c0402,1225623-8453-across,across,67959794,29679261,1711204820,6,USD Coin,USDC,8453,369059,False,True,0x69bba4aa6e43a6ef5828c33aefecd1f17e1f5e1f,0x69bba4aa6e43a6ef5828c33aefecd1f17e1f5e1f,68069493,12207730,1711204807,6,USD Base Coin,USDbC,324,COMPLETED,COMPLETED
65fee9eee99dac43d68bf8da,110-3620113-111,stargate,101710039,117803023,1711204823,6,USD Coin,USDC,42161,485406,False,False,0x3945A5C71Fac4d686D0Aa3C63b86fE11B8d5a476,0x3945a5c71fac4d686d0aa3c63b86fe11b8d5a476,101771101,193398811,1711204806,6,USD Coin,USDC,10,COMPLETED,COMPLETED
65fee9eee99dac43d68bf8f6,110-773957-184,stargate,25846482800000000,12207739,1711204825,18,Token,TOKEN,42161,483288,False,False,0xA2dB3De7DbA6c19d6a05753913c99dC5EB496De9,0xa2db3de7dba6c19d6a05753913c99dc5eb496de9,25862000000000000,193398810,1711204806,18,Ethereum,ETH,8453,COMPLETED,COMPLETED
65fee9eee99dac43d68bf8d0,110-3620112-111,stargate,12634925953288540,117803022,1711204821,18,Ethereum,ETH,42161,499035,False,False,0x0Ce6fbbA738198771873dbAcbA141f5aD27C3be8,0x0ce6fbba738198771873dbacba141f5ad27c3be8,12642511460164638,193398797,1711204803,18,Ethereum,ETH,10,COMPLETED,COMPLETED
65feea03e99dac43d68c0bc3,111-2995457-110,stargate,11019259965861701,193398993,1711204852,18,Ethereum,ETH,10,425797,False,False,0xE3841CaB26454467A3c8c5A4E0f8188dbdA27Dc5,0xe3841cab26454467a3c8c5a4e0f8188dbda27dc5,11028045253571388,117803013,1711204803,18,Ethereum,ETH,42161,COMPLETED,COMPLETED
65fee9eee99dac43d68bf8c9,110-3620111-111,stargate,386851160370797248,117803022,1711204821,18,Ethereum,ETH,42161,494385,False,False,0x4a9681132fc7cE7de676f4cF1A33468DA1ba4a5a,0x4a9681132fc7ce7de676f4cf1a33468da1ba4a5a,387083410417047475,193398790,1711204801,18,Ethereum,ETH,10,COMPLETED,COMPLETED
65fee9eee99dac43d68bf8ee,110-773956-184,stargate,207784931400809113,12207737,1711204821,18,Token,TOKEN,42161,584649,False,False,0x83dE46baf0C15eC8CA153c0DAf4F967206283d9D,0x83de46baf0c15ec8ca153c0daf4f967206283d9d,207909677207133392,193398789,1711204801,18,Ethereum,ETH,8453,COMPLETED,COMPLETED
65fee9e4e99dac43d68befbd,1186396-1-across,across,79959872057193302,12207734,1711204815,18,Wrapped Ether,WETH,1,72793,False,False,0xb2b7d66bb56ce8ff7838dc8053ff35050ed95e9d,0xb2b7d66bb56ce8ff7838dc8053ff35050ed95e9d,80000000000000000,19497952,1711204799,18,Wrapped Ether,WETH,8453,COMPLETED,COMPLETED
65fee9eee99dac43d68bf8c5,110-3620110-111,stargate,12992200000000000,117803022,1711204821,18,Ethereum,ETH,42161,493169,False,False,0x2b19C99F97C2731c892DB12B58a2b09ce47A0C28,0x2b19c99f97c2731c892db12b58a2b09ce47a0c28,13000000000000000,193398783,1711204799,18,Ethereum,ETH,10,COMPLETED,COMPLETED
65feea03e99dac43d68c0bae,111-2995456-110,stargate,107372978986835373,193398979,1711204849,18,Ethereum,ETH,10,425821,False,False,0x27B40888119EDe7A7e78e1B22223b11f7EBcEACF,0x27b40888119ede7a7e78e1b22223b11f7ebceacf,107458559738486328,117803011,1711204799,18,Ethereum,ETH,42161,COMPLETED,COMPLETED
65fee9d1e99dac43d68bddca,1288237-10-across,across,145961252855394657,12207728,1711204803,18,Wrapped Ether,WETH,10,89710,False,False,0xbacbad1015b057d32b962cf82cf6d1012457d974,0xbacbad1015b057d32b962cf82cf6d1012457d974,146070671196371732,117803009,1711204795,18,Wrapped Ether,WETH,8453,COMPLETED,COMPLETED
65fee9f9e99dac43d68c03c1,111-2995455-110,stargate,20804455,193398960,1711204844,6,USD Coin,USDC,10,815679,False,False,0xeCc19E177d24551aA7ed6Bc6FE566eCa726CC8a9,0x0607626a3e8ff3ccb7ce25034f34510e38af70e3,20816944,117803009,1711204795,6,USD Coin,USDC,42161,COMPLETED,COMPLETED
65fee9e4e99dac43d68befe0,184-498620-110,stargate,33667627409242499,193398869,1711204821,18,Ethereum,ETH,8453,411235,False,False,0x2a2994E97191c5e2932782398153b9DB8d5D97C5,0x2a2994e97191c5e2932782398153b9db8d5d97c5,33694000000000000,12207723,1711204793,18,Token,TOKEN,42161,COMPLETED,COMPLETED
65fee9e4e99dac43d68befd5,184-349257-111,stargate,75616986,117803021,1711204819,6,USD Coin,USDC,8453,360705,False,False,0x18DC837805895ba287496B9B7aC7551963972d89,0x18dc837805895ba287496b9b7ac7551963972d89,75619254,12207721,1711204789,6,USD Base Coin,USDbC,10,COMPLETED,COMPLETED
65fee9f9e99dac43d68c040b,1469394-42161-across,across,45098543889655090,29679243,1711204802,18,Wrapped Ether,WETH,42161,215605,False,True,0x1b671c22e414734e140d527261e3a0944a3e59bf,0x1b671c22e414734e140d527261e3a0944a3e59bf,45150770419762957,193398740,1711204789,18,Wrapped Ether,WETH,324,COMPLETED,COMPLETED
65fee9f9e99dac43d68c029c,0xba8d5c912cdfac57bcd62a27fd9c90f793135585af70263137d54d4e2c87623e-refuel,refuel-bridge,4270128246798112,33076281,1711204840,18,xDai,xDai,1,28694,False,True,0xce3eedd16564aa16c64b60c791b42ca0b0d7b7b5,0xce3eedd16564aa16c64b60c791b42ca0b0d7b7b5,1300000000000,19497951,1711204787,18,ETH,ETH,100,COMPLETED,COMPLETED
65fee9f9e99dac43d68c02c3,0xc1b338820bae91b8ea342bdd95084282debbe1b0eb454aa6e529b82fca3398e9-refuel,refuel-bridge,4270128246798112,33076281,1711204840,18,xDai,xDai,1,28694,False,True,0x9ff546f48a72407b2da314ff6c6fb54d5c4d610a,0x9ff546f48a72407b2da314ff6c6fb54d5c4d610a,1300000000000,19497951,1711204787,18,ETH,ETH,100,COMPLETED,COMPLETED
65fee9d1e99dac43d68bdd75,110-3620109-111,stargate,279032480000000000,117803012,1711204801,18,Ethereum,ETH,42161,493570,False,False,0x6958f41d6CAB3d4777883235A8fEb23048b932F7,0x6958f41d6cab3d4777883235a8feb23048b932f7,279200000000000000,193398725,1711204785,18,Ethereum,ETH,10,COMPLETED,COMPLETED
65fee9dae99dac43d68be794,184-498619-110,stargate,2427172887986965624,193398837,1711204813,18,Ethereum,ETH,8453,475194,False,True,0xa7Bc20542376abF565d91151c1A5849B035b0945,0xa7bc20542376abf565d91151c1a5849b035b0945,2429055000000000000,12207719,1711204785,18,Token,TOKEN,42161,COMPLETED,COMPLETED
65fee9f9e99dac43d68c03b7,111-2995454-110,stargate,604518988861839669,193398924,1711204835,18,Ethereum,ETH,10,429536,False,False,0x872D384c4F8a5CeC2e64E65c8f816B15bad77C1e,0x872d384c4f8a5cec2e64e65c8f816b15bad77c1e,605000000000000000,117803004,1711204785,18,Ethereum,ETH,42161,COMPLETED,COMPLETED
65fee9c7e99dac43d68bd3d1,110-3620108-111,stargate,93727189,117803007,1711204791,6,USD Coin,USDC,42161,500299,False,False,0x922cD10CA2d1b471F189321dc8b604927B08CA34,0x922cd10ca2d1b471f189321dc8b604927b08ca34,93730000,193398688,1711204776,6,USD Coin,USDC,10,COMPLETED,COMPLETED
65fee9c7e99dac43d68bd3fd,1186395-1-across,across,17801517497351063,12207722,1711204791,18,Wrapped Ether,WETH,1,132957,False,False,0x4449494332556d7277395d49f3d8a6841a0c61c2,0x4449494332556d7277395d49f3d8a6841a0c61c2,17842500000000000,19497950,1711204775,18,Wrapped Ether,WETH,8453,COMPLETED,COMPLETED
65fee9dae99dac43d68be75b,110-773955-184,stargate,780210373979331786,12207732,1711204811,18,Token,TOKEN,42161,490145,False,False,0xeaAC478c0294954cFEf24455D643E129a7CFfA15,0xeaac478c0294954cfef24455d643e129a7cffa15,780678781248080634,193398685,1711204775,18,Ethereum,ETH,8453,COMPLETED,COMPLETED
65fee9f9e99dac43d68c040b,1469394-42161-across,across,45098543889655090,29679243,1711204802,18,Wrapped Ether,WETH,42161,215605,False,True,0x1b671c22e414734e140d527261e3a0944a3e59bf,0x1b671c22e414734e140d527261e3a0944a3e59bf,45150770419762957,193398740,1711204789,18,Wrapped Ether,WETH,324,COMPLETED,COMPLETED
65fee9f9e99dac43d68c029c,0xba8d5c912cdfac57bcd62a27fd9c90f793135585af70263137d54d4e2c87623e-refuel,refuel-bridge,4270128246798112,33076281,1711204840,18,xDai,xDai,1,28694,False,True,0xce3eedd16564aa16c64b60c791b42ca0b0d7b7b5,0xce3eedd16564aa16c64b60c791b42ca0b0d7b7b5,1300000000000,19497951,1711204787,18,ETH,ETH,100,COMPLETED,COMPLETED
65fee9f9e99dac43d68c02c3,0xc1b338820bae91b8ea342bdd95084282debbe1b0eb454aa6e529b82fca3398e9-refuel,refuel-bridge,4270128246798112,33076281,1711204840,18,xDai,xDai,1,28694,False,True,0x9ff546f48a72407b2da314ff6c6fb54d5c4d610a,0x9ff546f48a72407b2da314ff6c6fb54d5c4d610a,1300000000000,19497951,1711204787,18,ETH,ETH,100,COMPLETED,COMPLETED
65fee9d1e99dac43d68bdd75,110-3620109-111,stargate,279032480000000000,117803012,1711204801,18,Ethereum,ETH,42161,493570,False,False,0x6958f41d6CAB3d4777883235A8fEb23048b932F7,0x6958f41d6cab3d4777883235a8feb23048b932f7,279200000000000000,193398725,1711204785,18,Ethereum,ETH,10,COMPLETED,COMPLETED
65fee9dae99dac43d68be794,184-498619-110,stargate,2427172887986965624,193398837,1711204813,18,Ethereum,ETH,8453,475194,False,True,0xa7Bc20542376abF565d91151c1A5849B035b0945,0xa7bc20542376abf565d91151c1a5849b035b0945,2429055000000000000,12207719,1711204785,18,Token,TOKEN,42161,COMPLETED,COMPLETED
65fee9f9e99dac43d68c03b7,111-2995454-110,stargate,604518988861839669,193398924,1711204835,18,Ethereum,ETH,10,429536,False,False,0x872D384c4F8a5CeC2e64E65c8f816B15bad77C1e,0x872d384c4f8a5cec2e64e65c8f816b15bad77c1e,605000000000000000,117803004,1711204785,18,Ethereum,ETH,42161,COMPLETED,COMPLETED
65fee9c7e99dac43d68bd3d1,110-3620108-111,stargate,93727189,117803007,1711204791,6,USD Coin,USDC,42161,500299,False,False,0x922cD10CA2d1b471F189321dc8b604927B08CA34,0x922cd10ca2d1b471f189321dc8b604927b08ca34,93730000,193398688,1711204776,6,USD Coin,USDC,10,COMPLETED,COMPLETED
65fee9c7e99dac43d68bd3fd,1186395-1-across,across,17801517497351063,12207722,1711204791,18,Wrapped Ether,WETH,1,132957,False,False,0x4449494332556d7277395d49f3d8a6841a0c61c2,0x4449494332556d7277395d49f3d8a6841a0c61c2,17842500000000000,19497950,1711204775,18,Wrapped Ether,WETH,8453,COMPLETED,COMPLETED
65fee9dae99dac43d68be75b,110-773955-184,stargate,780210373979331786,12207732,1711204811,18,Token,TOKEN,42161,490145,False,False,0xeaAC478c0294954cFEf24455D643E129a7CFfA15,0xeaac478c0294954cfef24455d643e129a7cffa15,780678781248080634,193398685,1711204775,18,Ethereum,ETH,8453,COMPLETED,COMPLETED
65fee9eee99dac43d68bf90a,111-2995453-110,stargate,289769923490916908,193398883,1711204825,18,Ethereum,ETH,10,424961,False,False,0x3507cdcB4eC7cD1Da4d300e5c940d2B24d3806ff,0x3507cdcb4ec7cd1da4d300e5c940d2b24d3806ff,290000000000000000,117802999,1711204775,18,Ethereum,ETH,42161,COMPLETED,COMPLETED
65fee9dae99dac43d68be74d,110-773954-184,stargate,899460000000000000,12207732,1711204811,18,Token,TOKEN,42161,488162,False,False,0x520dd6d60907205cF6b3D6b96709cd06d3bA062f,0x520dd6d60907205cf6b3d6b96709cd06d3ba062f,900000000000000000,193398677,1711204773,18,Ethereum,ETH,8453,COMPLETED,COMPLETED
65fee9e4e99dac43d68bef9c,111-2995451-110,stargate,1021401950818700623,193398874,1711204823,18,Ethereum,ETH,10,427560,False,False,0x0D8c3A39153faACBEd606F29BbcEB3480E2140C7,0x0d8c3a39153faacbed606f29bbceb3480e2140c7,1022209048394871963,117802998,1711204773,18,Ethereum,ETH,42161,COMPLETED,COMPLETED
65fee9e4e99dac43d68befae,111-2995452-110,stargate,349722745042258047,193398875,1711204823,18,Ethereum,ETH,10,424985,False,False,0x2B3aFeF4B46c48b2c815CDeE40274580185c8f48,0x2b3afef4b46c48b2c815cdee40274580185c8f48,350000000000000000,117802998,1711204773,18,Ethereum,ETH,42161,COMPLETED,COMPLETED
65fee9b2e99dac43d68bc3fa,1766097-324-across,across,500739614,12207714,1711204775,6,USD Base Coin,USDbC,324,253246,False,False,0x246dc1bc5050d8f5cfe4660c39a5d3a1bc880ef9,0x246dc1bc5050d8f5cfe4660c39a5d3a1bc880ef9,501000000,29679230,1711204772,6,USD Coin,USDC,8453,COMPLETED,COMPLETED
65fee9c7e99dac43d68bd416,1766096-324-across,across,79966309976430856,117803003,1711204783,18,Wrapped Ether,WETH,324,229661,False,False,0x50299eafc07596eadec14e3687a29532dc463b56,0x50299eafc07596eadec14e3687a29532dc463b56,80000000000000000,29679229,1711204771,18,Wrapped Ether,WETH,10,COMPLETED,COMPLETED
65fee9d1e99dac43d68bde00,184-498618-110,stargate,332944768997046980,193398781,1711204799,18,Ethereum,ETH,8453,412047,False,False,0xC0715b5493BBC56Aa6a27faA4aB3917f9D9c8b19,0xc0715b5493bbc56aa6a27faa4ab3917f9d9c8b19,333200000000000000,12207712,1711204771,18,Token,TOKEN,42161,COMPLETED,COMPLETED
65fee9e4e99dac43d68bef67,111-2995450-110,stargate,84941438,193398872,1711204822,6,USD Coin,USDC,10,908897,False,False,0xeCc19E177d24551aA7ed6Bc6FE566eCa726CC8a9,0x86c16f44bc75851a9e2e16e28366add78169fea9,84992433,117802997,1711204771,6,USD Coin,USDC,42161,COMPLETED,COMPLETED
65fee9d1e99dac43d68bdde0,1469393-42161-across,across,705803444227830484,19497950,1711204775,18,Wrapped Ether,WETH,42161,212478,False,True,0xdf5b0e3887ec6cb55c261d4bc051de8dbf7d8650,0xdf5b0e3887ec6cb55c261d4bc051de8dbf7d8650,710000000000000000,193398666,1711204770,18,Wrapped Ether,WETH,1,COMPLETED,COMPLETED
65fee9dae99dac43d68be747,110-773953-184,stargate,417199530000009019,12207732,1711204811,18,Token,TOKEN,42161,489755,False,False,0xcb9b47ee582CEF59454265bF0b7034e6fb5C7AF9,0xcb9b47ee582cef59454265bf0b7034e6fb5c7af9,417450000000009023,193398667,1711204770,18,Ethereum,ETH,8453,COMPLETED,COMPLETED
65fee9eee99dac43d68bf914,111-714145-184,stargate,138946000069368000,12207738,1711204823,18,Token,TOKEN,10,423692,False,False,0x091C96873A1f480E559968FE4df2030632d43601,0x091c96873a1f480e559968fe4df2030632d43601,139029417720000000,117802996,1711204769,18,Ethereum,ETH,8453,COMPLETED,COMPLETED
65feea0de99dac43d68c1418,0x3b238fa4b045531acaf9c2214810f2b32cbf7ad20938ff816d7d6257a2767da2,hop,104022498410797104,19497955,1711204835,18,Ethereum,ETH,8453,233188,False,True,0x09b8aba0e52db261fc6bf042c8071965232e5408,0x09b8aba0e52db261fc6bf042c8071965232e5408,107701240092319780,12207711,1711204769,18,Token,TOKEN,1,COMPLETED,COMPLETED
65fee9f9e99dac43d68c032c,102-1108729-110,stargate,1304054251,193398932,1711204837,6,Tether USD,USDT,56,814164,False,False,0xeCc19E177d24551aA7ed6Bc6FE566eCa726CC8a9,0x1e0cc1fdfb6a24323ebe01792faaa1f08f7423e1,1304837152000000000000,37222857,1711204768,18,Tether USD,USDT,42161,COMPLETED,COMPLETED
65fee9eee99dac43d68bf90f,111-714144-184,stargate,26431131800000000,12207737,1711204821,18,Token,TOKEN,10,416702,False,False,0x3F82cF4fE70fD0Bc6F9A540853B8fA2D3827849e,0x3f82cf4fe70fd0bc6f9a540853b8fa2d3827849e,26447000000000000,117802995,1711204767,18,Ethereum,ETH,8453,COMPLETED,COMPLETED
65fee9c7e99dac43d68bd3c4,110-3620107-111,stargate,3897660000000000,117803006,1711204789,18,Ethereum,ETH,42161,492779,False,False,0x67Ae2Ebaf3729380546408DfC4C2473841965F8D,0x67ae2ebaf3729380546408dfc4c2473841965f8d,3900000000000000,193398648,1711204766,18,Ethereum,ETH,10,COMPLETED,COMPLETED
65fee9f9e99dac43d68c02fc,0xfe8ce1c4984201196b5c49ed9a25618cf1e6e1029da25f9aa731cb04b18f8291-refuel,refuel-bridge,1898364395246798112,33076281,1711204840,18,xDai,xDai,137,67799,False,True,0x1fa1b6d71578553bb2ebea2f7952b8f5cbfd33e8,0x1fa1b6d71578553bb2ebea2f7952b8f5cbfd33e8,1896630000000000000,54991938,1711204766,18,Matic Token,MATIC,100,COMPLETED,COMPLETED
65fee9b2e99dac43d68bc3c2,1225622-8453-across,across,968846356786971,29679224,1711204766,18,Wrapped Ether,WETH,8453,79033,False,True,0x2f270935e92602115d28ef04c4babb9599a38d7b,0x2f270935e92602115d28ef04c4babb9599a38d7b,1000000000000000,12207709,1711204765,18,Wrapped Ether,WETH,324,COMPLETED,COMPLETED
65fee9eee99dac43d68bf7ba,0x334f7e14f8d6908b60c2b1f8133b60d3f3e05504b96314e5d2db373d32c3b82a-connext,connext,436579835,193398920,1711204834,6,Tether USD,USDT,56,421954,False,False,0xda5f7732d8e7e53bfd39373cc7178e856a99c398,0xda5f7732d8e7e53bfd39373cc7178e856a99c398,436150000000000000000,37222856,1711204765,18,Tether USD,USDT,42161,COMPLETED,COMPLETED
65fee9eee99dac43d68bf87e,102-1108728-110,stargate,1447013650,193398918,1711204834,6,Tether USD,USDT,56,859510,False,False,0xeCc19E177d24551aA7ed6Bc6FE566eCa726CC8a9,0x13c2ae0562be55170042200298a9ef17c8c91146,1447882379000000000000,37222856,1711204765,18,Tether USD,USDT,42161,COMPLETED,COMPLETED
65fee9d1e99dac43d68bdc5c,0x4fd7070a0f28de60318fa8fd9825c25b6b99ca77e71551378a84e53e9a619915-refuel,refuel-bridge,17004475462190,117803017,1711204811,18,ETH,ETH,1,28694,False,True,0xf96f8361f13134f2bae1a9239f097fd731e5c41b,0xf96f8361f13134f2bae1a9239f097fd731e5c41b,18000000000000,19497949,1711204763,18,ETH,ETH,10,COMPLETED,COMPLETED
65fee9b2e99dac43d68bc3e8,1766093-324-across,across,19528156199399520,193398640,1711204764,18,Wrapped Ether,WETH,324,705136,False,True,0x649a5dc93279e2199991314abcdb35a906cd4d18,0x649a5dc93279e2199991314abcdb35a906cd4d18,19544035748536411,29679220,1711204762,18,Wrapped Ether,WETH,42161,COMPLETED,COMPLETED
65fee9dae99dac43d68be740,110-773952-184,stargate,1998800000000000,12207731,1711204809,18,Token,TOKEN,42161,486580,False,False,0xbBD9111Ff9D0aD76D2D1681Adc6B88c392A794F4,0xbbd9111ff9d0ad76d2d1681adc6b88c392a794f4,2000000000000000,193398625,1711204760,18,Ethereum,ETH,8453,COMPLETED,COMPLETED
65feea0de99dac43d68c1409,0x04ecc8d7649d4482cb3dc8af72089631e045b5f4acc0ab6c4f99e3b69ff9030b-synapse,synapse,1000000000000000000,43275309,1711204860,18,New Order,NEWO,42161,233666,False,False,0x57410eaaa9bc4ce67332276b5a493203d05dfdd9,0x57410eaAa9BC4CE67332276B5a493203d05dFDd9,101000000000000000000,193398621,1711204759,18,New Order,NEWO,43114,COMPLETED,COMPLETED
65feea0de99dac43d68c1408,0x039d0beb4c7b77638755e8a7884d125878a38bb554a3b827e155c0dfdf858bad-synapse,synapse,1000000000000000000,43275309,1711204860,18,New Order,NEWO,42161,236392,False,False,0x57410eaaa9bc4ce67332276b5a493203d05dfdd9,0x57410eaAa9BC4CE67332276B5a493203d05dFDd9,101000000000000000000,193398618,1711204758,18,New Order,NEWO,43114,COMPLETED,COMPLETED
65fee9c7e99dac43d68bd3b2,110-3620106-111,stargate,1223265600000000000,117803006,1711204789,18,Ethereum,ETH,42161,495493,False,False,0xA1f4F3345517055655da2695AB00f27A2797225B,0xa1f4f3345517055655da2695ab00f27a2797225b,1224000000000000000,193398612,1711204757,18,Ethereum,ETH,10,COMPLETED,COMPLETED
65fee9d1e99dac43d68bddf8,184-349256-111,stargate,2003997052423565189,117803009,1711204795,18,Ethereum,ETH,8453,413892,False,False,0x9540C3296D5783234905C2f8DF2265FC387c4a42,0x9540c3296d5783234905c2f8df2265fc387c4a42,2005200172527081437,12207705,1711204757,18,Token,TOKEN,10,COMPLETED,COMPLETED
65feea0de99dac43d68c14f8,0xff99458927b7015c407e7343f414cf3c925d3e34b53c69a96fe7349706d040b7-synapse,synapse,1000000000000000000,43275308,1711204859,18,New Order,NEWO,42161,232887,False,False,0x57410eaaa9bc4ce67332276b5a493203d05dfdd9,0x57410eaAa9BC4CE67332276B5a493203d05dFDd9,101000000000000000000,193398615,1711204757,18,New Order,NEWO,43114,COMPLETED,COMPLETED
65feea0de99dac43d68c14a0,0xa375400b7269c87248fc3194bd335c70ea8c083612e578750cd578ef7cb063c8-synapse,synapse,1000000000000000000,43275309,1711204860,18,New Order,NEWO,42161,233666,False,False,0x57410eaaa9bc4ce67332276b5a493203d05dfdd9,0x57410eaAa9BC4CE67332276B5a493203d05dFDd9,101000000000000000000,193398611,1711204756,18,New Order,NEWO,43114,COMPLETED,COMPLETED
65feea0de99dac43d68c14e6,0xfd934eaa5e3b9061700966000f34fb824ff7baa2a4e71fb4425ba6a8c55905e0-synapse,synapse,1000000000000000000,43275307,1711204858,18,New Order,NEWO,42161,235613,False,False,0x57410eaaa9bc4ce67332276b5a493203d05dfdd9,0x57410eaAa9BC4CE67332276B5a493203d05dFDd9,101000000000000000000,193398608,1711204756,18,New Order,NEWO,43114,COMPLETED,COMPLETED
65feea0de99dac43d68c1468,0x6b6d5242b2d2102c3d1df3fccc395c12cffbe8ba2dcb26a8c823b9d395719d6f-synapse,synapse,1000000000000000000,43275307,1711204858,18,New Order,NEWO,42161,232497,False,False,0x57410eaaa9bc4ce67332276b5a493203d05dfdd9,0x57410eaAa9BC4CE67332276B5a493203d05dFDd9,101000000000000000000,193398604,1711204755,18,New Order,NEWO,43114,COMPLETED,COMPLETED
65fee9f8e99dac43d68c0217,0x4873487566357dc28d5a78a79c351e43218f6eb38dbc51d05866ca93e5a3c4a9-refuel,refuel-bridge,1501337765246798112,33076281,1711204840,18,xDai,xDai,137,28694,False,True,0x13b25bed8b04fb4549e937bba28f4f407541f22c,0x13b25bed8b04fb4549e937bba28f4f407541f22c,1500000000000000000,54991933,1711204754,18,Matic Token,MATIC,100,COMPLETED,COMPLETED
65feea0de99dac43d68c14b4,0xbf0b56b3abaf378944855a2a3a732283cae70e3083e01e940a4acc419c832d0c-synapse,synapse,1000000000000000000,43275306,1711204856,18,New Order,NEWO,42161,234834,False,False,0x57410eaaa9bc4ce67332276b5a493203d05dfdd9,0x57410eaAa9BC4CE67332276B5a493203d05dFDd9,101000000000000000000,193398601,1711204754,18,New Order,NEWO,43114,COMPLETED,COMPLETED
65fee9b2e99dac43d68bc30e,110-1462722-106,stargate,2641680827,43275267,1711204781,6,TetherToken,USDt,42161,479959,False,False,0xdCedDd4FCbd37DC08807382C64F9977735E6f100,0xdceddd4fcbd37dc08807382c64f9977735e6f100,2643266786,193398596,1711204753,6,Tether USD,USDT,43114,COMPLETED,COMPLETED
65fee9c7e99dac43d68bd433,184-349254-111,stargate,28816699600000000,117803005,1711204787,18,Ethereum,ETH,8453,442029,False,False,0x8Ea286e4b506E5909cf551108b98354e63066Ee3,0x8ea286e4b506e5909cf551108b98354e63066ee3,28834000000000000,12207703,1711204753,18,Token,TOKEN,10,COMPLETED,COMPLETED
65fee9c7e99dac43d68bd43e,184-349255-111,stargate,516689800000000000,117803007,1711204791,18,Ethereum,ETH,8453,409565,False,False,0x6d5749e54Bf738Ab25B0c316Dca2aF93488f5A9c,0x6d5749e54bf738ab25b0c316dca2af93488f5a9c,517000000000000000,12207703,1711204753,18,Token,TOKEN,10,COMPLETED,COMPLETED
65fee9dae99dac43d68be761,111-714141-184,stargate,1490105400000000000,12207729,1711204805,18,Token,TOKEN,10,438365,False,False,0x8070DcE3c6F9cc37Fa03964e8573cAB2a5ef7Fef,0x8070dce3c6f9cc37fa03964e8573cab2a5ef7fef,1491000000000000000,117802988,1711204753,18,Ethereum,ETH,8453,COMPLETED,COMPLETED
65fee9dae99dac43d68be773,111-714142-184,stargate,591309615659335,12207730,1711204807,18,Token,TOKEN,10,416726,False,False,0x6666f88647F578b79fea96073AB911c422457508,0x6666f88647f578b79fea96073ab911c422457508,591664614427990,117802988,1711204753,18,Ethereum,ETH,8453,COMPLETED,COMPLETED
65fee9dae99dac43d68be782,111-714143-184,stargate,424745000000000000,12207730,1711204807,18,Token,TOKEN,10,416726,False,False,0x2Fb6F593BD15524379755Ecf038C40482666E6ec,0x2fb6f593bd15524379755ecf038c40482666e6ec,425000000000000000,117802988,1711204753,18,Ethereum,ETH,8453,COMPLETED,COMPLETED
65fee9dae99dac43d68be790,111-718230-109,stargate,3421147429,54991960,1711204812,6,(PoS) Tether USD,USDT,10,544955,False,False,0xd313B6D3aD20Dc732558277ad917253d1F3c547B,0xd313b6d3ad20dc732558277ad917253d1f3c547b,3424572000,117802988,1711204753,6,USD Coin,USDC,137,COMPLETED,COMPLETED
65fee9f9e99dac43d68c034c,102-1529861-109,stargate,21341830,54991970,1711204834,6,(PoS) Tether USD,USDT,56,527384,False,False,0x17ea75E3C4a79aADa0ae9df967e88782086a9d31,0x17ea75e3c4a79aada0ae9df967e88782086a9d31,21357465000000000000,37222852,1711204753,18,Tether USD,USDT,137,COMPLETED,COMPLETED
65feea0de99dac43d68c1454,0x5161824a3639caa257ada10a0cfc878c79745f9b10fb7c372b2c2add62d01b35-synapse,synapse,1000000000000000000,43275306,1711204856,18,New Order,NEWO,42161,234445,False,False,0x57410eaaa9bc4ce67332276b5a493203d05dfdd9,0x57410eaAa9BC4CE67332276B5a493203d05dFDd9,101000000000000000000,193398598,1711204753,18,New Order,NEWO,43114,COMPLETED,COMPLETED
65feea0de99dac43d68c14dd,0xc73a5b675ecdafac325de68914944ac664d936fb164d38410e78492f23f23c01-synapse,synapse,1000000000000000000,43275306,1711204856,18,New Order,NEWO,42161,234834,False,False,0x57410eaaa9bc4ce67332276b5a493203d05dfdd9,0x57410eaAa9BC4CE67332276B5a493203d05dFDd9,101000000000000000000,193398594,1711204752,18,New Order,NEWO,43114,COMPLETED,COMPLETED
65fee9c7e99dac43d68bd348,106-1061049-110,stargate,2333540845,193398736,1711204788,6,USD Coin,USDC,43114,384990,False,False,0x4E183Dd9ca5d82108DBe10e594f185F4F1Ca3c90,0x4e183dd9ca5d82108dbe10e594f185f4f1ca3c90,2334941809,43275254,1711204751,6,USD Coin,USDC,42161,COMPLETED,COMPLETED
65feea0de99dac43d68c1497,0x91e296973ab6150db7f373af87655cad7b64a8df5c1a1db725c488f07f571ee2-synapse,synapse,1000000000000000000,43275306,1711204856,18,New Order,NEWO,42161,234445,False,False,0x57410eaaa9bc4ce67332276b5a493203d05dfdd9,0x57410eaAa9BC4CE67332276B5a493203d05dFDd9,101000000000000000000,193398591,1711204751,18,New Order,NEWO,43114,COMPLETED,COMPLETED
65feea0de99dac43d68c14ac,0xa8dad76ca0ff7af50ce0daade6db1fff6eb7469be02f92326fcda7e632b0c056-synapse,synapse,1000000000000000000,43275305,1711204853,18,New Order,NEWO,42161,232887,False,False,0x57410eaaa9bc4ce67332276b5a493203d05dfdd9,0x57410eaAa9BC4CE67332276B5a493203d05dFDd9,101000000000000000000,193398588,1711204751,18,New Order,NEWO,43114,COMPLETED,COMPLETED
65fee9a8e99dac43d68bbbb0,1766092-324-across,across,23618087675441632,117802992,1711204761,18,Wrapped Ether,WETH,324,264434,False,True,0x2fa3972d334279f4fe3fe648889086bea0c769c6,0x2fa3972d334279f4fe3fe648889086bea0c769c6,23630000000000000,29679208,1711204750,18,Wrapped Ether,WETH,10,COMPLETED,COMPLETED
65fee9d1e99dac43d68bdd97,110-773951-184,stargate,17989200000000000,12207726,1711204799,18,Token,TOKEN,42161,488503,False,False,0x4d492B56eAC48a869cF287884b379400CE0C596f,0x4d492b56eac48a869cf287884b379400ce0c596f,18000000000000000,193398586,1711204750,18,Ethereum,ETH,8453,COMPLETED,COMPLETED
65feea0de99dac43d68c1447,0x50c35b59f03e841789766f78c9c266e63a29253bd93479f739a632ac8b785fa9-synapse,synapse,1000000000000000000,43275305,1711204853,18,New Order,NEWO,42161,233666,False,False,0x57410eaaa9bc4ce67332276b5a493203d05dfdd9,0x57410eaAa9BC4CE67332276B5a493203d05dFDd9,101000000000000000000,193398585,1711204750,18,New Order,NEWO,43114,COMPLETED,COMPLETED
65fee9c7e99dac43d68bd422,184-349253-111,stargate,60973394000000000,117803003,1711204783,18,Ethereum,ETH,8453,410341,False,False,0x3B9eB842F1Ad45F477510cD389fB9D288bb9436e,0x3b9eb842f1ad45f477510cd389fb9d288bb9436e,61010000000000000,12207701,1711204749,18,Token,TOKEN,10,COMPLETED,COMPLETED
65fee9d1e99dac43d68bdd8f,110-773950-184,stargate,43246100413565000,12207726,1711204799,18,Token,TOKEN,42161,975685,False,True,0x611D8B66a2ffA3aec7B6834e63d5B4E01bDC4312,0x611d8b66a2ffa3aec7b6834e63d5b4e01bdc4312,43272063651756053,193398583,1711204749,18,Ethereum,ETH,8453,COMPLETED,COMPLETED
65feea0de99dac43d68c148c,0x7a9a820136d776cc1a24e0335eeeabcb113a4f726f23ac43da2978dcc8a2fa71-synapse,synapse,1000000000000000000,43275305,1711204853,18,New Order,NEWO,42161,230161,False,False,0x57410eaaa9bc4ce67332276b5a493203d05dfdd9,0x57410eaAa9BC4CE67332276B5a493203d05dFDd9,101000000000000000000,193398582,1711204749,18,New Order,NEWO,43114,COMPLETED,COMPLETED
65feea0de99dac43d68c140c,0x239c1557dc619a03b3c5cb6d0e15d376014e3685e6242d1b94c96cfa99019145-synapse,synapse,1000000000000000000,43275304,1711204851,18,New Order,NEWO,42161,232497,False,False,0x57410eaaa9bc4ce67332276b5a493203d05dfdd9,0x57410eaAa9BC4CE67332276B5a493203d05dFDd9,101000000000000000000,193398579,1711204748,18,New Order,NEWO,43114,COMPLETED,COMPLETED
65feea0de99dac43d68c14c8,0xc2ae7a7e27ee5a4a80379d5de3e65e9591916cf1bb7b047ba931ffcb2bc45cf1-synapse,synapse,1000000000000000000,43275304,1711204851,18,New Order,NEWO,42161,232497,False,False,0x57410eaaa9bc4ce67332276b5a493203d05dfdd9,0x57410eaAa9BC4CE67332276B5a493203d05dFDd9,101000000000000000000,193398576,1711204748,18,New Order,NEWO,43114,COMPLETED,COMPLETED
65fee9b2e99dac43d68bc34e,110-773949-184,stargate,23263033800000000,12207713,1711204773,18,Token,TOKEN,42161,486981,False,False,0xa562C2Dd3CF7754Cb6BDB31862aE0dA2Ce97CBF0,0xa562c2dd3cf7754cb6bdb31862ae0da2ce97cbf0,23277000000000000,193398574,1711204747,18,Ethereum,ETH,8453,COMPLETED,COMPLETED
65fee9d1e99dac43d68bddaa,111-2995448-110,stargate,13103837246513432,193398776,1711204798,18,Ethereum,ETH,10,425797,False,False,0xE5A8591F49F2a4E7f4f9f983AEede86a54a9F7D3,0xe5a8591f49f2a4e7f4f9f983aeede86a54a9f7d3,13114164637153311,117802985,1711204747,18,Ethereum,ETH,42161,COMPLETED,COMPLETED
65fee9d1e99dac43d68bddb2,111-2995449-110,stargate,27848579827361066,193398779,1711204798,18,Ethereum,ETH,10,424985,False,False,0xFDbdec8285938EBD46862054D107D86D0B1dCb65,0xfdbdec8285938ebd46862054d107d86d0b1dcb65,27870530000000000,117802985,1711204747,18,Ethereum,ETH,42161,COMPLETED,COMPLETED
65feea0de99dac43d68c145d,0x6aef1e3e3ab9f9df3b11605dad8b351183363f80e035ea32fcc2daf88a51d7b0-synapse,synapse,1000000000000000000,43275304,1711204851,18,New Order,NEWO,42161,234055,False,False,0x57410eaaa9bc4ce67332276b5a493203d05dfdd9,0x57410eaAa9BC4CE67332276B5a493203d05dFDd9,101000000000000000000,193398573,1711204747,18,New Order,NEWO,43114,COMPLETED,COMPLETED
65feea0de99dac43d68c1479,0x6edb782176b6bd5d5666b5881e33fbd90d999f24482f7457504729877d8ddd77-synapse,synapse,1000000000000000000,43275304,1711204851,18,New Order,NEWO,42161,231719,False,False,0x57410eaaa9bc4ce67332276b5a493203d05dfdd9,0x57410eaAa9BC4CE67332276B5a493203d05dFDd9,101000000000000000000,193398569,1711204746,18,New Order,NEWO,43114,COMPLETED,COMPLETED
65fee9d1e99dac43d68bdda0,111-2995447-110,stargate,695785274,193398769,1711204796,6,USD Coin,USDC,10,547330,False,False,0x335Ab952faEE8e647946958a27B238c1995859DB,0x335ab952faee8e647946958a27b238c1995859db,696202995,117802984,1711204745,6,USD Coin,USDC,42161,COMPLETED,COMPLETED
65fee9d1e99dac43d68bddc4,111-714140-184,stargate,269838000000000,12207725,1711204797,18,Token,TOKEN,10,438317,False,False,0x3afe7c22E3419EeB57882A2022E9803834264E21,0x3afe7c22e3419eeb57882a2022e9803834264e21,270000000000000,117802984,1711204745,18,Ethereum,ETH,8453,COMPLETED,COMPLETED
65fee9a8e99dac43d68bbb19,110-1462721-106,stargate,556387890,43275263,1711204769,6,TetherToken,USDt,42161,480738,False,False,0x6fa776646D7b5FA335E889015e00f43bB6Cf4d0E,0x6fa776646d7b5fa335e889015e00f43bb6cf4d0e,556721922,193398563,1711204744,6,Tether USD,USDT,43114,COMPLETED,COMPLETED
65fee9f9e99dac43d68c034c,102-1529861-109,stargate,21341830,54991970,1711204834,6,(PoS) Tether USD,USDT,56,527384,False,False,0x17ea75E3C4a79aADa0ae9df967e88782086a9d31,0x17ea75e3c4a79aada0ae9df967e88782086a9d31,21357465000000000000,37222852,1711204753,18,Tether USD,USDT,137,COMPLETED,COMPLETED
65feea0de99dac43d68c1454,0x5161824a3639caa257ada10a0cfc878c79745f9b10fb7c372b2c2add62d01b35-synapse,synapse,1000000000000000000,43275306,1711204856,18,New Order,NEWO,42161,234445,False,False,0x57410eaaa9bc4ce67332276b5a493203d05dfdd9,0x57410eaAa9BC4CE67332276B5a493203d05dFDd9,101000000000000000000,193398598,1711204753,18,New Order,NEWO,43114,COMPLETED,COMPLETED
65feea0de99dac43d68c14dd,0xc73a5b675ecdafac325de68914944ac664d936fb164d38410e78492f23f23c01-synapse,synapse,1000000000000000000,43275306,1711204856,18,New Order,NEWO,42161,234834,False,False,0x57410eaaa9bc4ce67332276b5a493203d05dfdd9,0x57410eaAa9BC4CE67332276B5a493203d05dFDd9,101000000000000000000,193398594,1711204752,18,New Order,NEWO,43114,COMPLETED,COMPLETED
65fee9c7e99dac43d68bd348,106-1061049-110,stargate,2333540845,193398736,1711204788,6,USD Coin,USDC,43114,384990,False,False,0x4E183Dd9ca5d82108DBe10e594f185F4F1Ca3c90,0x4e183dd9ca5d82108dbe10e594f185f4f1ca3c90,2334941809,43275254,1711204751,6,USD Coin,USDC,42161,COMPLETED,COMPLETED
65feea0de99dac43d68c1497,0x91e296973ab6150db7f373af87655cad7b64a8df5c1a1db725c488f07f571ee2-synapse,synapse,1000000000000000000,43275306,1711204856,18,New Order,NEWO,42161,234445,False,False,0x57410eaaa9bc4ce67332276b5a493203d05dfdd9,0x57410eaAa9BC4CE67332276B5a493203d05dFDd9,101000000000000000000,193398591,1711204751,18,New Order,NEWO,43114,COMPLETED,COMPLETED
65feea0de99dac43d68c14ac,0xa8dad76ca0ff7af50ce0daade6db1fff6eb7469be02f92326fcda7e632b0c056-synapse,synapse,1000000000000000000,43275305,1711204853,18,New Order,NEWO,42161,232887,False,False,0x57410eaaa9bc4ce67332276b5a493203d05dfdd9,0x57410eaAa9BC4CE67332276B5a493203d05dFDd9,101000000000000000000,193398588,1711204751,18,New Order,NEWO,43114,COMPLETED,COMPLETED
65fee9a8e99dac43d68bbbb0,1766092-324-across,across,23618087675441632,117802992,1711204761,18,Wrapped Ether,WETH,324,264434,False,True,0x2fa3972d334279f4fe3fe648889086bea0c769c6,0x2fa3972d334279f4fe3fe648889086bea0c769c6,23630000000000000,29679208,1711204750,18,Wrapped Ether,WETH,10,COMPLETED,COMPLETED
65fee9d1e99dac43d68bdd97,110-773951-184,stargate,17989200000000000,12207726,1711204799,18,Token,TOKEN,42161,488503,False,False,0x4d492B56eAC48a869cF287884b379400CE0C596f,0x4d492b56eac48a869cf287884b379400ce0c596f,18000000000000000,193398586,1711204750,18,Ethereum,ETH,8453,COMPLETED,COMPLETED
65feea0de99dac43d68c1447,0x50c35b59f03e841789766f78c9c266e63a29253bd93479f739a632ac8b785fa9-synapse,synapse,1000000000000000000,43275305,1711204853,18,New Order,NEWO,42161,233666,False,False,0x57410eaaa9bc4ce67332276b5a493203d05dfdd9,0x57410eaAa9BC4CE67332276B5a493203d05dFDd9,101000000000000000000,193398585,1711204750,18,New Order,NEWO,43114,COMPLETED,COMPLETED
65fee9c7e99dac43d68bd422,184-349253-111,stargate,60973394000000000,117803003,1711204783,18,Ethereum,ETH,8453,410341,False,False,0x3B9eB842F1Ad45F477510cD389fB9D288bb9436e,0x3b9eb842f1ad45f477510cd389fb9d288bb9436e,61010000000000000,12207701,1711204749,18,Token,TOKEN,10,COMPLETED,COMPLETED
65fee9d1e99dac43d68bdd8f,110-773950-184,stargate,43246100413565000,12207726,1711204799,18,Token,TOKEN,42161,975685,False,True,0x611D8B66a2ffA3aec7B6834e63d5B4E01bDC4312,0x611d8b66a2ffa3aec7b6834e63d5b4e01bdc4312,43272063651756053,193398583,1711204749,18,Ethereum,ETH,8453,COMPLETED,COMPLETED
65feea0de99dac43d68c148c,0x7a9a820136d776cc1a24e0335eeeabcb113a4f726f23ac43da2978dcc8a2fa71-synapse,synapse,1000000000000000000,43275305,1711204853,18,New Order,NEWO,42161,230161,False,False,0x57410eaaa9bc4ce67332276b5a493203d05dfdd9,0x57410eaAa9BC4CE67332276B5a493203d05dFDd9,101000000000000000000,193398582,1711204749,18,New Order,NEWO,43114,COMPLETED,COMPLETED
65feea0de99dac43d68c140c,0x239c1557dc619a03b3c5cb6d0e15d376014e3685e6242d1b94c96cfa99019145-synapse,synapse,1000000000000000000,43275304,1711204851,18,New Order,NEWO,42161,232497,False,False,0x57410eaaa9bc4ce67332276b5a493203d05dfdd9,0x57410eaAa9BC4CE67332276B5a493203d05dFDd9,101000000000000000000,193398579,1711204748,18,New Order,NEWO,43114,COMPLETED,COMPLETED
65feea0de99dac43d68c14c8,0xc2ae7a7e27ee5a4a80379d5de3e65e9591916cf1bb7b047ba931ffcb2bc45cf1-synapse,synapse,1000000000000000000,43275304,1711204851,18,New Order,NEWO,42161,232497,False,False,0x57410eaaa9bc4ce67332276b5a493203d05dfdd9,0x57410eaAa9BC4CE67332276B5a493203d05dFDd9,101000000000000000000,193398576,1711204748,18,New Order,NEWO,43114,COMPLETED,COMPLETED
65fee9b2e99dac43d68bc34e,110-773949-184,stargate,23263033800000000,12207713,1711204773,18,Token,TOKEN,42161,486981,False,False,0xa562C2Dd3CF7754Cb6BDB31862aE0dA2Ce97CBF0,0xa562c2dd3cf7754cb6bdb31862ae0da2ce97cbf0,23277000000000000,193398574,1711204747,18,Ethereum,ETH,8453,COMPLETED,COMPLETED
65fee9d1e99dac43d68bddaa,111-2995448-110,stargate,13103837246513432,193398776,1711204798,18,Ethereum,ETH,10,425797,False,False,0xE5A8591F49F2a4E7f4f9f983AEede86a54a9F7D3,0xe5a8591f49f2a4e7f4f9f983aeede86a54a9f7d3,13114164637153311,117802985,1711204747,18,Ethereum,ETH,42161,COMPLETED,COMPLETED
65fee9d1e99dac43d68bddb2,111-2995449-110,stargate,27848579827361066,193398779,1711204798,18,Ethereum,ETH,10,424985,False,False,0xFDbdec8285938EBD46862054D107D86D0B1dCb65,0xfdbdec8285938ebd46862054d107d86d0b1dcb65,27870530000000000,117802985,1711204747,18,Ethereum,ETH,42161,COMPLETED,COMPLETED
65feea0de99dac43d68c145d,0x6aef1e3e3ab9f9df3b11605dad8b351183363f80e035ea32fcc2daf88a51d7b0-synapse,synapse,1000000000000000000,43275304,1711204851,18,New Order,NEWO,42161,234055,False,False,0x57410eaaa9bc4ce67332276b5a493203d05dfdd9,0x57410eaAa9BC4CE67332276B5a493203d05dFDd9,101000000000000000000,193398573,1711204747,18,New Order,NEWO,43114,COMPLETED,COMPLETED
65feea0de99dac43d68c1479,0x6edb782176b6bd5d5666b5881e33fbd90d999f24482f7457504729877d8ddd77-synapse,synapse,1000000000000000000,43275304,1711204851,18,New Order,NEWO,42161,231719,False,False,0x57410eaaa9bc4ce67332276b5a493203d05dfdd9,0x57410eaAa9BC4CE67332276B5a493203d05dFDd9,101000000000000000000,193398569,1711204746,18,New Order,NEWO,43114,COMPLETED,COMPLETED
65fee9d1e99dac43d68bdda0,111-2995447-110,stargate,695785274,193398769,1711204796,6,USD Coin,USDC,10,547330,False,False,0x335Ab952faEE8e647946958a27B238c1995859DB,0x335ab952faee8e647946958a27b238c1995859db,696202995,117802984,1711204745,6,USD Coin,USDC,42161,COMPLETED,COMPLETED
65fee9d1e99dac43d68bddc4,111-714140-184,stargate,269838000000000,12207725,1711204797,18,Token,TOKEN,10,438317,False,False,0x3afe7c22E3419EeB57882A2022E9803834264E21,0x3afe7c22e3419eeb57882a2022e9803834264e21,270000000000000,117802984,1711204745,18,Ethereum,ETH,8453,COMPLETED,COMPLETED
65fee9a8e99dac43d68bbb19,110-1462721-106,stargate,556387890,43275263,1711204769,6,TetherToken,USDt,42161,480738,False,False,0x6fa776646D7b5FA335E889015e00f43bB6Cf4d0E,0x6fa776646d7b5fa335e889015e00f43bb6cf4d0e,556721922,193398563,1711204744,6,Tether USD,USDT,43114,COMPLETED,COMPLETED
65fee9eee99dac43d68bf7af,0x298e6f228e56128e828719b3097eb8e7db7986772c2a64a726281b1d0ed44bce-refuel,refuel-bridge,6842067336640000,37222878,1711204831,18,BNB,BNB,137,28694,False,True,0x3ddd13849a83d1996cc64ea27c2a0302977e31e2,0x3ddd13849a83d1996cc64ea27c2a0302977e31e2,4030000000000000000,54991928,1711204744,18,Matic Token,MATIC,56,COMPLETED,COMPLETED
65feea03e99dac43d68c0b12,0x157168c89defade2650293660ef8afa60afe1ed27854fb1748e78c4ffaa3ca98-synapse,synapse,1000000000000000000,43275303,1711204846,18,New Order,NEWO,42161,234055,False,False,0x57410eaaa9bc4ce67332276b5a493203d05dfdd9,0x57410eaAa9BC4CE67332276B5a493203d05dFDd9,101000000000000000000,193398559,1711204743,18,New Order,NEWO,43114,COMPLETED,COMPLETED
65fee99ee99dac43d68bb199,1469392-42161-across,across,35088874264084837,12207700,1711204747,18,Wrapped Ether,WETH,42161,1027235,False,False,0x3721b0e122768ceddfb3dec810e64c361177f826,0x97663c8283924816c7b327a4f0adda271c6317ce,35145020052617562,193398554,1711204742,18,Wrapped Ether,WETH,8453,COMPLETED,COMPLETED
65fee9eee99dac43d68bf869,0xcd928386e6f8369ee68de2e3bfc0e8df2160b6da658ae27b7b25306501a9f4b1,celer,316463069,117803031,1711204839,6,USD Coin,USDC,324,457155,False,False,0xe0d52e489e423589e0a3e90209ce01dd4339b7ee,0xe0d52e489e423589e0a3e90209ce01dd4339b7ee,316547480,29679200,1711204742,6,USD Coin,USDC,10,COMPLETED,COMPLETED
65feea0de99dac43d68c1443,0x4e7c020c1499f766389173701789460977c80f16092146537880cf0071a954e3-synapse,synapse,1000000000000000000,43275304,1711204851,18,New Order,NEWO,42161,232108,False,False,0x57410eaaa9bc4ce67332276b5a493203d05dfdd9,0x57410eaAa9BC4CE67332276B5a493203d05dFDd9,101000000000000000000,193398554,1711204742,18,New Order,NEWO,43114,COMPLETED,COMPLETED
65fee9b2e99dac43d68bc2f2,106-1061048-110,stargate,3191087,193398709,1711204781,6,USD Coin,USDC,43114,564980,False,False,0xF534C8dBC8F63534F4A6901a02A9570Ab7390920,0xf534c8dbc8f63534f4a6901a02a9570ab7390920,3194280,43275249,1711204741,6,TetherToken,USDt,42161,COMPLETED,COMPLETED
65fee9c7e99dac43d68bd367,106-1806451-109,stargate,1856459085,54991947,1711204784,6,USDCoin,USDC,43114,505244,False,False,0x035000529CffE9f04DB8E81B7A53807E63EeaC12,0x035000529cffe9f04db8e81b7a53807e63eeac12,1857573628,43275249,1711204741,6,USD Coin,USDC,137,COMPLETED,COMPLETED
65feea03e99dac43d68c0b17,0x23f5bb128fda86f9a92c5035d98b149f1638767919ae57c33850067f8a0ea70e-synapse,synapse,1000000000000000000,43275303,1711204846,18,New Order,NEWO,42161,234834,False,False,0x57410eaaa9bc4ce67332276b5a493203d05dfdd9,0x57410eaAa9BC4CE67332276B5a493203d05dFDd9,101000000000000000000,193398547,1711204740,18,New Order,NEWO,43114,COMPLETED,COMPLETED
65feea03e99dac43d68c0bf8,1766091-324-across,across,333744237156082503,193399002,1711204855,18,Wrapped Ether,WETH,324,207074,False,False,0x31cfbba06b27a3ea774966f4816144c063d243a7,0x31cfbba06b27a3ea774966f4816144c063d243a7,333911330819058956,29679198,1711204740,18,Wrapped Ether,WETH,42161,COMPLETED,COMPLETED
65fee9b2e99dac43d68bc339,110-3620104-111,stargate,559664000000000000,117802997,1711204771,18,Ethereum,ETH,42161,542701,False,True,0x8A3c88C42A01B9529aD67fD13A5ea31d232a0795,0x8a3c88c42a01b9529ad67fd13a5ea31d232a0795,560000000000000000,193398540,1711204739,18,Ethereum,ETH,10,COMPLETED,COMPLETED
65fee9bce99dac43d68bcbc9,184-349251-111,stargate,259844000000000,117803001,1711204779,18,Ethereum,ETH,8453,411820,False,False,0x475577208cabcD24A78057AC0A1615e157928307,0x475577208cabcd24a78057ac0a1615e157928307,260000000000000,12207696,1711204739,18,Token,TOKEN,10,COMPLETED,COMPLETED
65fee9bce99dac43d68bcbdd,184-349252-111,stargate,520387580000000000,117803001,1711204779,18,Ethereum,ETH,8453,409565,False,False,0x69D0Fa592843985Bc92de6A59B663Aaa9d8aB6Aa,0x69d0fa592843985bc92de6a59b663aaa9d8ab6aa,520700000000000000,12207696,1711204739,18,Token,TOKEN,10,COMPLETED,COMPLETED
65fee9c7e99dac43d68bd375,110-3620105-111,stargate,117967875,117803006,1711204789,6,USD Coin,USDC,42161,496832,False,False,0x9c9fF9188aE81Bb723F55400522e5497B6c8DEBd,0x9c9ff9188ae81bb723f55400522e5497b6c8debd,118085960,193398542,1711204739,6,Tether USD,USDT,10,COMPLETED,COMPLETED
65fee9f9e99dac43d68c0267,0x86183dc4bb1bdc9dfb8874b2c0a84f815fb3a36d284d1fe1577a426a7b83dee9-refuel,refuel-bridge,4270128246798112,33076281,1711204840,18,xDai,xDai,1,28694,False,True,0x39c00bde11303d4ad701a695866874b26e9983db,0x39c00bde11303d4ad701a695866874b26e9983db,1300000000000,19497947,1711204739,18,ETH,ETH,100,COMPLETED,COMPLETED
65feea03e99dac43d68c0b5b,0xf9118636d205d6b43721f4dbfef46df06865c4c7102203da69f8f7598ed060b9-synapse,synapse,1000000000000000000,43275301,1711204844,18,New Order,NEWO,42161,230550,False,False,0x57410eaaa9bc4ce67332276b5a493203d05dfdd9,0x57410eaAa9BC4CE67332276B5a493203d05dFDd9,101000000000000000000,193398543,1711204739,18,New Order,NEWO,43114,COMPLETED,COMPLETED
65feea03e99dac43d68c0b60,0xf9474fe43cb2deb63b1eb51e0d7aec62bee944f809b10c3a882dffa7c5ea6ba7-synapse,synapse,1000000000000000000,43275301,1711204844,18,New Order,NEWO,42161,233666,False,False,0x57410eaaa9bc4ce67332276b5a493203d05dfdd9,0x57410eaAa9BC4CE67332276B5a493203d05dFDd9,101000000000000000000,193398540,1711204739,18,New Order,NEWO,43114,COMPLETED,COMPLETED
65feea03e99dac43d68c0b20,0x6117c0d62b80162f7f0ab3d0f5d42d553424d915ebb2a304386c6e232c871e11-synapse,synapse,1000000000000000000,43275300,1711204843,18,New Order,NEWO,42161,235613,False,False,0x57410eaaa9bc4ce67332276b5a493203d05dfdd9,0x57410eaAa9BC4CE67332276B5a493203d05dFDd9,101000000000000000000,193398537,1711204738,18,New Order,NEWO,43114,COMPLETED,COMPLETED
65fee9c7e99dac43d68bd3e6,111-2995446-110,stargate,789379075618786672,193398737,1711204788,18,Ethereum,ETH,10,424985,False,False,0x10783372fdacFBe07DCB83a6Cd537494F5D78493,0x10783372fdacfbe07dcb83a6cd537494f5d78493,790000000000000000,117802980,1711204737,18,Ethereum,ETH,42161,COMPLETED,COMPLETED
65feea03e99dac43d68c0b29,0x9423c8298e909805aec06e097c0efd666fe0080afb94c908bf34e4bc92ff5ad3-synapse,synapse,1000000000000000000,43275301,1711204844,18,New Order,NEWO,42161,232497,False,False,0x57410eaaa9bc4ce67332276b5a493203d05dfdd9,0x57410eaAa9BC4CE67332276B5a493203d05dFDd9,101000000000000000000,193398534,1711204737,18,New Order,NEWO,43114,COMPLETED,COMPLETED
65feea03e99dac43d68c0be1,1288236-10-across,across,9989314,193399002,1711204855,8,Wrapped BTC,WBTC,10,121468,False,False,0xdca555a01ccbcca90b7f0cb3dbb970ebdc99189b,0xdca555a01ccbcca90b7f0cb3dbb970ebdc99189b,10000000,117802980,1711204737,8,Wrapped Bitcoin,WBTC,42161,COMPLETED,COMPLETED
65fee9f9e99dac43d68c02cd,0xc4b17b192af96b35033a840b29685409ce1819d67c9b62a76215ad2d86185b77-synapse,synapse,1000000000000000000,43275299,1711204842,18,New Order,NEWO,42161,234445,False,False,0x57410eaaa9bc4ce67332276b5a493203d05dfdd9,0x57410eaAa9BC4CE67332276B5a493203d05dFDd9,101000000000000000000,193398530,1711204736,18,New Order,NEWO,43114,COMPLETED,COMPLETED
65fee9a8e99dac43d68bba9c,0x162e8b6f818c06b5a349085e5294e34d0b3564db609aaac09bbc0789378dcfb7-hyphen,hyphen,43953368,193398639,1711204763,6,Tether USD,USDT,56,176351,False,False,0x81dd47a8510570ee9baa1150c2cd1fa38154a0bb,0x81dd47a8510570ee9baa1150c2cd1fa38154a0bb,44007060552736811609,37222846,1711204735,18,Tether USD,USDT,42161,COMPLETED,COMPLETED
65fee9dae99dac43d68be684,0xcbe0384a1914f87f31d2f2e95aae026ba9ea082cf9d9d4acb7fba889df5303e8-connext,connext,5585211,54991960,1711204812,6,(PoS) Tether USD,USDT,56,519603,False,False,0x89f423567c2648bb828c3997f60c47b54f57fa6e,0xb3a0279f1e6e4ae7b2ccc43de8fa490a997a52d4,5587640466485664522,37222846,1711204735,18,Tether USD,USDT,137,COMPLETED,COMPLETED
65fee9f8e99dac43d68c01f9,0x24e6f77fd7d351b89aa10a8b4c824e21bf1aae5d7c073f31c840b5c6d9a78ba9-synapse,synapse,1000000000000000000,43275299,1711204842,18,New Order,NEWO,42161,232887,False,False,0x57410eaaa9bc4ce67332276b5a493203d05dfdd9,0x57410eaAa9BC4CE67332276B5a493203d05dFDd9,101000000000000000000,193398526,1711204735,18,New Order,NEWO,43114,COMPLETED,COMPLETED
65fee9d1e99dac43d68bdc4f,0x46e1296de5f68a85db215b24ce5958bd62390c7b9163cb8accebd543b5bb15a2-refuel,refuel-bridge,39004475462190,117803017,1711204811,18,ETH,ETH,324,140330,False,True,0x48c9e5b372040ffe449efa8395f968c4b3e99257,0x48c9e5b372040ffe449efa8395f968c4b3e99257,40000000000000,29679192,1711204734,18,ETH,ETH,10,COMPLETED,COMPLETED
65fee9f8e99dac43d68c01ee,0x09c6b9d466ce5838b7e248b60833d4ae4514162723c67acb5e72db348b6ebb91-synapse,synapse,1000000000000000000,43275297,1711204840,18,New Order,NEWO,42161,234055,False,False,0x57410eaaa9bc4ce67332276b5a493203d05dfdd9,0x57410eaAa9BC4CE67332276B5a493203d05dFDd9,101000000000000000000,193398523,1711204734,18,New Order,NEWO,43114,COMPLETED,COMPLETED
65fee995e99dac43d68ba92a,1225621-8453-across,across,29975507090682657,54991925,1711204738,18,Wrapped Ether,WETH,8453,89672,False,False,0xe0b0f4d540cb78ed309242e7bd7920e7c77e3ff2,0xe0b0f4d540cb78ed309242e7bd7920e7c77e3ff2,30000000000000000,12207693,1711204733,18,Wrapped Ether,WETH,137,COMPLETED,COMPLETED
65fee99ee99dac43d68bb15d,110-1290060-102,stargate,21718190000000000000,37222851,1711204750,18,Tether USD,USDT,42161,478425,False,False,0x44043d382887849de88744197256408D3C0f2341,0x44043d382887849de88744197256408d3c0f2341,21731228,193398517,1711204733,6,Tether USD,USDT,56,COMPLETED,COMPLETED
65fee99ee99dac43d68bb174,110-3620103-111,stargate,849490000000000,117802986,1711204749,18,Ethereum,ETH,42161,493948,False,False,0xCe81B0e75D063087B62E9aA4B53CF25Ffe544ec0,0xce81b0e75d063087b62e9aa4b53cf25ffe544ec0,850000000000000,193398518,1711204733,18,Ethereum,ETH,10,COMPLETED,COMPLETED
65fee9a8e99dac43d68bbbc2,184-498617-110,stargate,161376546594262666,193398626,1711204760,18,Ethereum,ETH,8453,416362,False,False,0x5C1D1cbdbCd3d1CA48fE1f2C0268Ab252be0dcA4,0x5c1d1cbdbcd3d1ca48fe1f2c0268ab252be0dca4,161500000000000000,12207693,1711204733,18,Token,TOKEN,42161,COMPLETED,COMPLETED
65fee9bce99dac43d68bcbb6,106-1806450-109,stargate,1052424358,54991944,1711204778,6,(PoS) Tether USD,USDT,43114,553988,False,False,0x279A2A6F6F94F1E7fe26c548285266504C28ECC2,0x279a2a6f6f94f1e7fe26c548285266504c28ecc2,1053115324,43275245,1711204733,6,TetherToken,USDt,137,COMPLETED,COMPLETED
65fee9f8e99dac43d68c0206,0x429b93d30d89290f104a21f678d4632503c3870bc55770ca88c42a72d45c98a4-synapse,synapse,1000000000000000000,43275297,1711204840,18,New Order,NEWO,42161,231719,False,False,0x57410eaaa9bc4ce67332276b5a493203d05dfdd9,0x57410eaAa9BC4CE67332276B5a493203d05dFDd9,101000000000000000000,193398517,1711204733,18,New Order,NEWO,43114,COMPLETED,COMPLETED
65fee9f8e99dac43d68c022e,0x49b449704773cfa172a6fa0d1d0344dbef13d309fa5f26f3e50291462ac50855-synapse,synapse,1000000000000000000,43275298,1711204841,18,New Order,NEWO,42161,234834,False,False,0x57410eaaa9bc4ce67332276b5a493203d05dfdd9,0x57410eaAa9BC4CE67332276B5a493203d05dFDd9,101000000000000000000,193398520,1711204733,18,New Order,NEWO,43114,COMPLETED,COMPLETED
65fee9f9e99dac43d68c0321,0xfeb22adb50bb3e790e4e6c8e0e8f8d527556522988e0eabda7e4f15f24f0a430-synapse,synapse,1000000000000000000,43275297,1711204840,18,New Order,NEWO,42161,233276,False,False,0x57410eaaa9bc4ce67332276b5a493203d05dfdd9,0x57410eaAa9BC4CE67332276B5a493203d05dFDd9,101000000000000000000,193398514,1711204732,18,New Order,NEWO,43114,COMPLETED,COMPLETED
65fee9a8e99dac43d68bbb70,110-773948-184,stargate,13629691748348792,12207706,1711204759,18,Token,TOKEN,42161,486226,False,False,0x126CFEFE9d4b2A9D766782458cF9FC5b0c43f8C0,0x126cfefe9d4b2a9d766782458cf9fc5b0c43f8c0,13637874473032611,193398510,1711204731,18,Ethereum,ETH,8453,COMPLETED,COMPLETED
65fee9c7e99dac43d68bd3f0,111-714139-184,stargate,1573550923836944,12207718,1711204783,18,Token,TOKEN,10,417526,False,False,0x19a62416748439C1D779C5477f38578c9F2846D2,0x19a62416748439c1d779c5477f38578c9f2846d2,1574495621209668,117802977,1711204731,18,Ethereum,ETH,8453,COMPLETED,COMPLETED
65fee9d1e99dac43d68bdc6b,0x5a1c2e628c6dfa7c63ab06bb5b880da89b8ab23a4fa96c05b5845b9019b003cf,hop,287709660684341857,19497950,1711204775,18,Ethereum,ETH,8453,233188,False,True,0x277bca43b1f154f016479382ddd6b77775525cdd,0x277bca43b1f154f016479382ddd6b77775525cdd,291781469065435441,12207692,1711204731,18,Token,TOKEN,1,COMPLETED,COMPLETED
65fee9f8e99dac43d68c020d,0x47cc5a7f02e623041872eb0a836f64a0b4f292f4020d400d9ee3e6880992c984-synapse,synapse,1000000000000000000,43275296,1711204837,18,New Order,NEWO,42161,230940,False,False,0x57410eaaa9bc4ce67332276b5a493203d05dfdd9,0x57410eaAa9BC4CE67332276B5a493203d05dFDd9,101000000000000000000,193398511,1711204731,18,New Order,NEWO,43114,COMPLETED,COMPLETED
65fee9f9e99dac43d68c0256,0x79346762ef375a9b0798d3a3fb8ee00901e2ab0b261cfbf259e36e1b3f14568f-refuel,refuel-bridge,862048800000000,29679238,1711204797,18,ETH,ETH,10,28706,False,True,0xb34ddce1cd2c98e6a8af35b7b58efcee366d0e9c,0xb34ddce1cd2c98e6a8af35b7b58efcee366d0e9c,900000000000000,117802977,1711204731,18,ETH,ETH,324,COMPLETED,COMPLETED
65fee9a8e99dac43d68bbb67,110-773947-184,stargate,299820000000000,12207706,1711204759,18,Token,TOKEN,42161,486202,False,False,0x29E6cb5A30A71F84eAc62ea97ecF2e3C2e1848bC,0x29e6cb5a30a71f84eac62ea97ecf2e3c2e1848bc,300000000000000,193398505,1711204730,18,Ethereum,ETH,8453,COMPLETED,COMPLETED
65fee9f8e99dac43d68c01f2,0x24cd1196193e4bf840e0ad57f40d7599ee8ff760051ab0b165824c5ec2e23f8e-synapse,synapse,1000000000000000000,43275297,1711204840,18,New Order,NEWO,42161,234055,False,False,0x57410eaaa9bc4ce67332276b5a493203d05dfdd9,0x57410eaAa9BC4CE67332276B5a493203d05dFDd9,101000000000000000000,193398508,1711204730,18,New Order,NEWO,43114,COMPLETED,COMPLETED
65fee9f9e99dac43d68c02d3,0xc6014e45d467b5f899afa274fdc8095ac43e780638a3edb6eb3edf0dc86e21d2-synapse,synapse,1000000000000000000,43275296,1711204837,18,New Order,NEWO,42161,234055,False,False,0x57410eaaa9bc4ce67332276b5a493203d05dfdd9,0x57410eaAa9BC4CE67332276B5a493203d05dFDd9,101000000000000000000,193398503,1711204729,18,New Order,NEWO,43114,COMPLETED,COMPLETED
65fee9bce99dac43d68bcb98,106-1806449-109,stargate,1452009872,54991944,1711204778,6,USDCoin,USDC,43114,377696,False,False,0x80E990a259680957F6CB48D1237d36Ad3721a915,0x80e990a259680957f6cb48d1237d36ad3721a915,1452881600,43275243,1711204728,6,USD Coin,USDC,137,COMPLETED,COMPLETED
65fee9f8e99dac43d68c01ea,0x035c3fa0cf6f10f2435284c74a74f34e529d604d9a7ae73aef652718d82f1f08-synapse,synapse,1000000000000000000,43275295,1711204836,18,New Order,NEWO,42161,232108,False,False,0x57410eaaa9bc4ce67332276b5a493203d05dfdd9,0x57410eaAa9BC4CE67332276B5a493203d05dFDd9,101000000000000000000,193398499,1711204728,18,New Order,NEWO,43114,COMPLETED,COMPLETED
65fee981e99dac43d68b97c0,1469391-42161-across,across,4407821780648986,29679186,1711204728,18,Wrapped Ether,WETH,42161,195345,False,False,0x64d3beb4512516bc6b185560b9a548020d52384c,0x64d3beb4512516bc6b185560b9a548020d52384c,4440629999999999,193398496,1711204727,18,Wrapped Ether,WETH,324,COMPLETED,COMPLETED
65fee9a8e99dac43d68bbbca,184-95245-102,stargate,1111107909000000000000,37222854,1711204759,18,Tether USD,USDT,8453,670371,False,False,0x24Ea139abaA71Cb02C19cb9a9b1D8610a2B10105,0x24ea139abaa71cb02c19cb9a9b1d8610a2b10105,1111141243,12207690,1711204727,6,USD Base Coin,USDbC,56,COMPLETED,COMPLETED
65fee9c7e99dac43d68bd2ac,0x4a481c727f79af7a485c44de55370621496eca65d25201ba730e7b7de5d67ae9-refuel,refuel-bridge,195528680000000,193398750,1711204791,18,ETH,ETH,1,28706,False,True,0x902e85e0819e6cc18fc283b453bfdbbed44784a6,0x902e85e0819e6cc18fc283b453bfdbbed44784a6,200000000000000,19497946,1711204727,18,ETH,ETH,42161,COMPLETED,COMPLETED
65fee9d1e99dac43d68bdcf7,0xf6aae7059059d0a38e74e795e59248dc1e6a146eb0e02dd6c1271f694c8fe8a5-refuel,refuel-bridge,17004475462190,117803017,1711204811,18,ETH,ETH,1,28694,False,True,0x86da6d1d52570ca828bb2bb6cd05eafdfeda0889,0x86da6d1d52570ca828bb2bb6cd05eafdfeda0889,18000000000000,19497946,1711204727,18,ETH,ETH,10,COMPLETED,COMPLETED
65fee9d1e99dac43d68bdd14,0xfa90a041f75608eead194644e267970432e8278f6f88d5fd594da7937b7d2e6f-refuel,refuel-bridge,12004475462190,117803017,1711204811,18,ETH,ETH,1,28694,False,True,0x867cc644e9f4737edc588e31c69f79073e1bfad2,0x867cc644e9f4737edc588e31c69f79073e1bfad2,13000000000000,19497946,1711204727,18,ETH,ETH,10,COMPLETED,COMPLETED
65fee9dae99dac43d68be63b,0x571c843584f270b4af9c8fdba9ac121c68cc40e8cc064d52dfb55aade49331b7-refuel,refuel-bridge,107862009826935520,54991958,1711204808,18,Matic Token,MATIC,1,28694,False,True,0x63f9fdbba927acb0a0a5634ea86d4525fc6a0226,0x63f9fdbba927acb0a0a5634ea86d4525fc6a0226,34000000000000,19497946,1711204727,18,ETH,ETH,137,COMPLETED,COMPLETED
65fee9f8e99dac43d68c0200,0x36aca253a81b12e898e17dcff0d85552b5e6e8949478cdf88d1ab5cf76dc5201-synapse,synapse,1000000000000000000,43275294,1711204834,18,New Order,NEWO,42161,232108,False,False,0x57410eaaa9bc4ce67332276b5a493203d05dfdd9,0x57410eaAa9BC4CE67332276B5a493203d05dFDd9,101000000000000000000,193398493,1711204727,18,New Order,NEWO,43114,COMPLETED,COMPLETED
65fee9f9e99dac43d68c025d,0x7ad2b5353647e8dc4b8a90f3dba31b5848b42dfff15a8b80fc48ea6e4099941f-synapse,synapse,1000000000000000000,43275295,1711204836,18,New Order,NEWO,42161,233666,False,False,0x57410eaaa9bc4ce67332276b5a493203d05dfdd9,0x57410eaAa9BC4CE67332276B5a493203d05dFDd9,101000000000000000000,193398496,1711204727,18,New Order,NEWO,43114,COMPLETED,COMPLETED
65fee9f9e99dac43d68c028c,0xafb35ccfdf7071f0b1f40aadfc1f27dcafc1ab17cafacc984450b7e73fe60ef1-synapse,synapse,1000000000000000000,43275294,1711204834,18,New Order,NEWO,42161,233666,False,False,0x57410eaaa9bc4ce67332276b5a493203d05dfdd9,0x57410eaAa9BC4CE67332276B5a493203d05dFDd9,101000000000000000000,193398490,1711204726,18,New Order,NEWO,43114,COMPLETED,COMPLETED
65fee9f9e99dac43d68c027c,0xa5fcc7df0b2607c2e44e79e416df298b290375188a6eff2efa4201361c792756-synapse,synapse,1000000000000000000,43275294,1711204834,18,New Order,NEWO,42161,232108,False,False,0x57410eaaa9bc4ce67332276b5a493203d05dfdd9,0x57410eaAa9BC4CE67332276B5a493203d05dFDd9,101000000000000000000,193398487,1711204725,18,New Order,NEWO,43114,COMPLETED,COMPLETED
65fee995e99dac43d68ba89b,110-3620101-111,stargate,609634000000000000,117802981,1711204739,18,Ethereum,ETH,42161,494349,False,False,0x872D384c4F8a5CeC2e64E65c8f816B15bad77C1e,0x872d384c4f8a5cec2e64e65c8f816b15bad77c1e,610000000000000000,193398482,1711204724,18,Ethereum,ETH,10,COMPLETED,COMPLETED
65fee995e99dac43d68ba8ab,110-3620102-111,stargate,3184905219,117802981,1711204739,6,USD Coin,USDC,42161,488317,False,False,0xc379FB2A6E1e9Db8cB57B6fd6E72dc4062919407,0xc379fb2a6e1e9db8cb57b6fd6e72dc4062919407,3185000769,193398483,1711204724,6,USD Coin,USDC,10,COMPLETED,COMPLETED
65fee9f9e99dac43d68c0284,0xa802c0d8bb2e7d41efb93032a9feef55205e8a288ebe29de9f8ae3aa3676431a-synapse,synapse,1000000000000000000,43275294,1711204834,18,New Order,NEWO,42161,230807,False,False,0x57410eaaa9bc4ce67332276b5a493203d05dfdd9,0x57410eaAa9BC4CE67332276B5a493203d05dFDd9,101000000000000000000,193398481,1711204724,18,New Order,NEWO,43114,COMPLETED,COMPLETED
65fee9f9e99dac43d68c02dc,0xd788d72d0f9650b57ee15790c2b3c7e6ec5d2a04cb2eadc93c4ab0bc9b158188-synapse,synapse,1000000000000000000,43275294,1711204834,18,New Order,NEWO,42161,232497,False,False,0x57410eaaa9bc4ce67332276b5a493203d05dfdd9,0x57410eaAa9BC4CE67332276B5a493203d05dFDd9,101000000000000000000,193398484,1711204724,18,New Order,NEWO,43114,COMPLETED,COMPLETED
65fee9f9e99dac43d68c0256,0x79346762ef375a9b0798d3a3fb8ee00901e2ab0b261cfbf259e36e1b3f14568f-refuel,refuel-bridge,862048800000000,29679238,1711204797,18,ETH,ETH,10,28706,False,True,0xb34ddce1cd2c98e6a8af35b7b58efcee366d0e9c,0xb34ddce1cd2c98e6a8af35b7b58efcee366d0e9c,900000000000000,117802977,1711204731,18,ETH,ETH,324,COMPLETED,COMPLETED
65fee9a8e99dac43d68bbb67,110-773947-184,stargate,299820000000000,12207706,1711204759,18,Token,TOKEN,42161,486202,False,False,0x29E6cb5A30A71F84eAc62ea97ecF2e3C2e1848bC,0x29e6cb5a30a71f84eac62ea97ecf2e3c2e1848bc,300000000000000,193398505,1711204730,18,Ethereum,ETH,8453,COMPLETED,COMPLETED
65fee9f8e99dac43d68c01f2,0x24cd1196193e4bf840e0ad57f40d7599ee8ff760051ab0b165824c5ec2e23f8e-synapse,synapse,1000000000000000000,43275297,1711204840,18,New Order,NEWO,42161,234055,False,False,0x57410eaaa9bc4ce67332276b5a493203d05dfdd9,0x57410eaAa9BC4CE67332276B5a493203d05dFDd9,101000000000000000000,193398508,1711204730,18,New Order,NEWO,43114,COMPLETED,COMPLETED
65fee9f9e99dac43d68c02d3,0xc6014e45d467b5f899afa274fdc8095ac43e780638a3edb6eb3edf0dc86e21d2-synapse,synapse,1000000000000000000,43275296,1711204837,18,New Order,NEWO,42161,234055,False,False,0x57410eaaa9bc4ce67332276b5a493203d05dfdd9,0x57410eaAa9BC4CE67332276B5a493203d05dFDd9,101000000000000000000,193398503,1711204729,18,New Order,NEWO,43114,COMPLETED,COMPLETED
65fee9bce99dac43d68bcb98,106-1806449-109,stargate,1452009872,54991944,1711204778,6,USDCoin,USDC,43114,377696,False,False,0x80E990a259680957F6CB48D1237d36Ad3721a915,0x80e990a259680957f6cb48d1237d36ad3721a915,1452881600,43275243,1711204728,6,USD Coin,USDC,137,COMPLETED,COMPLETED
65fee9f8e99dac43d68c01ea,0x035c3fa0cf6f10f2435284c74a74f34e529d604d9a7ae73aef652718d82f1f08-synapse,synapse,1000000000000000000,43275295,1711204836,18,New Order,NEWO,42161,232108,False,False,0x57410eaaa9bc4ce67332276b5a493203d05dfdd9,0x57410eaAa9BC4CE67332276B5a493203d05dFDd9,101000000000000000000,193398499,1711204728,18,New Order,NEWO,43114,COMPLETED,COMPLETED
65fee981e99dac43d68b97c0,1469391-42161-across,across,4407821780648986,29679186,1711204728,18,Wrapped Ether,WETH,42161,195345,False,False,0x64d3beb4512516bc6b185560b9a548020d52384c,0x64d3beb4512516bc6b185560b9a548020d52384c,4440629999999999,193398496,1711204727,18,Wrapped Ether,WETH,324,COMPLETED,COMPLETED
65fee9a8e99dac43d68bbbca,184-95245-102,stargate,1111107909000000000000,37222854,1711204759,18,Tether USD,USDT,8453,670371,False,False,0x24Ea139abaA71Cb02C19cb9a9b1D8610a2B10105,0x24ea139abaa71cb02c19cb9a9b1d8610a2b10105,1111141243,12207690,1711204727,6,USD Base Coin,USDbC,56,COMPLETED,COMPLETED
65fee9c7e99dac43d68bd2ac,0x4a481c727f79af7a485c44de55370621496eca65d25201ba730e7b7de5d67ae9-refuel,refuel-bridge,195528680000000,193398750,1711204791,18,ETH,ETH,1,28706,False,True,0x902e85e0819e6cc18fc283b453bfdbbed44784a6,0x902e85e0819e6cc18fc283b453bfdbbed44784a6,200000000000000,19497946,1711204727,18,ETH,ETH,42161,COMPLETED,COMPLETED
65fee9d1e99dac43d68bdcf7,0xf6aae7059059d0a38e74e795e59248dc1e6a146eb0e02dd6c1271f694c8fe8a5-refuel,refuel-bridge,17004475462190,117803017,1711204811,18,ETH,ETH,1,28694,False,True,0x86da6d1d52570ca828bb2bb6cd05eafdfeda0889,0x86da6d1d52570ca828bb2bb6cd05eafdfeda0889,18000000000000,19497946,1711204727,18,ETH,ETH,10,COMPLETED,COMPLETED
65fee9f8e99dac43d68c020d,0x47cc5a7f02e623041872eb0a836f64a0b4f292f4020d400d9ee3e6880992c984-synapse,synapse,1000000000000000000,43275296,1711204837,18,New Order,NEWO,42161,230940,False,False,0x57410eaaa9bc4ce67332276b5a493203d05dfdd9,0x57410eaAa9BC4CE67332276B5a493203d05dFDd9,101000000000000000000,193398511,1711204731,18,New Order,NEWO,43114,COMPLETED,COMPLETED
65fee9f9e99dac43d68c0256,0x79346762ef375a9b0798d3a3fb8ee00901e2ab0b261cfbf259e36e1b3f14568f-refuel,refuel-bridge,862048800000000,29679238,1711204797,18,ETH,ETH,10,28706,False,True,0xb34ddce1cd2c98e6a8af35b7b58efcee366d0e9c,0xb34ddce1cd2c98e6a8af35b7b58efcee366d0e9c,900000000000000,117802977,1711204731,18,ETH,ETH,324,COMPLETED,COMPLETED
65fee9a8e99dac43d68bbb67,110-773947-184,stargate,299820000000000,12207706,1711204759,18,Token,TOKEN,42161,486202,False,False,0x29E6cb5A30A71F84eAc62ea97ecF2e3C2e1848bC,0x29e6cb5a30a71f84eac62ea97ecf2e3c2e1848bc,300000000000000,193398505,1711204730,18,Ethereum,ETH,8453,COMPLETED,COMPLETED
65fee9f8e99dac43d68c01f2,0x24cd1196193e4bf840e0ad57f40d7599ee8ff760051ab0b165824c5ec2e23f8e-synapse,synapse,1000000000000000000,43275297,1711204840,18,New Order,NEWO,42161,234055,False,False,0x57410eaaa9bc4ce67332276b5a493203d05dfdd9,0x57410eaAa9BC4CE67332276B5a493203d05dFDd9,101000000000000000000,193398508,1711204730,18,New Order,NEWO,43114,COMPLETED,COMPLETED
65fee9f9e99dac43d68c02d3,0xc6014e45d467b5f899afa274fdc8095ac43e780638a3edb6eb3edf0dc86e21d2-synapse,synapse,1000000000000000000,43275296,1711204837,18,New Order,NEWO,42161,234055,False,False,0x57410eaaa9bc4ce67332276b5a493203d05dfdd9,0x57410eaAa9BC4CE67332276B5a493203d05dFDd9,101000000000000000000,193398503,1711204729,18,New Order,NEWO,43114,COMPLETED,COMPLETED
65fee9bce99dac43d68bcb98,106-1806449-109,stargate,1452009872,54991944,1711204778,6,USDCoin,USDC,43114,377696,False,False,0x80E990a259680957F6CB48D1237d36Ad3721a915,0x80e990a259680957f6cb48d1237d36ad3721a915,1452881600,43275243,1711204728,6,USD Coin,USDC,137,COMPLETED,COMPLETED
65fee9f8e99dac43d68c01ea,0x035c3fa0cf6f10f2435284c74a74f34e529d604d9a7ae73aef652718d82f1f08-synapse,synapse,1000000000000000000,43275295,1711204836,18,New Order,NEWO,42161,232108,False,False,0x57410eaaa9bc4ce67332276b5a493203d05dfdd9,0x57410eaAa9BC4CE67332276B5a493203d05dFDd9,101000000000000000000,193398499,1711204728,18,New Order,NEWO,43114,COMPLETED,COMPLETED
65fee981e99dac43d68b97c0,1469391-42161-across,across,4407821780648986,29679186,1711204728,18,Wrapped Ether,WETH,42161,195345,False,False,0x64d3beb4512516bc6b185560b9a548020d52384c,0x64d3beb4512516bc6b185560b9a548020d52384c,4440629999999999,193398496,1711204727,18,Wrapped Ether,WETH,324,COMPLETED,COMPLETED
65fee9a8e99dac43d68bbbca,184-95245-102,stargate,1111107909000000000000,37222854,1711204759,18,Tether USD,USDT,8453,670371,False,False,0x24Ea139abaA71Cb02C19cb9a9b1D8610a2B10105,0x24ea139abaa71cb02c19cb9a9b1d8610a2b10105,1111141243,12207690,1711204727,6,USD Base Coin,USDbC,56,COMPLETED,COMPLETED
65fee9c7e99dac43d68bd2ac,0x4a481c727f79af7a485c44de55370621496eca65d25201ba730e7b7de5d67ae9-refuel,refuel-bridge,195528680000000,193398750,1711204791,18,ETH,ETH,1,28706,False,True,0x902e85e0819e6cc18fc283b453bfdbbed44784a6,0x902e85e0819e6cc18fc283b453bfdbbed44784a6,200000000000000,19497946,1711204727,18,ETH,ETH,42161,COMPLETED,COMPLETED
